{
  "Rejected": {
    "precision": 0.8947368421052632,
    "recall": 0.8729729729729729,
    "f1-score": 0.8837209302325582,
    "support": 370.0
  },
  "Approved": {
    "precision": 0.9264475743348983,
    "recall": 0.9396825396825397,
    "f1-score": 0.9330181245074862,
    "support": 630.0
  },
  "accuracy": 0.915,
  "macro avg": {
    "precision": 0.9105922082200808,
    "recall": 0.9063277563277563,
    "f1-score": 0.9083695273700222,
    "support": 1000.0
  },
  "weighted avg": {
    "precision": 0.9147146034099334,
    "recall": 0.915,
    "f1-score": 0.9147781626257628,
    "support": 1000.0
  }
}